drugNameA,drugNameB,idDrugA,idDrugB,comboId,bliss,loewe,hsa,zip
Paclitaxel,Topotecan,76,97,383527,-0.6546,-0.0251,-0.0244,
Crizotinib,Veliparib,168,102,379167,-0.9663,-0.1085,-0.1098,
Crizotinib,Vinorelbine,168,105,379168,-0.9504,-0.3564,-0.3634,
Crizotinib,Vorinostat,168,106,379169,-1.0075,-0.3247,-0.3484,
Crizotinib,Carfilzomib,168,110,379170,-0.9256,-0.7284,-0.745,
Crizotinib,Azd4547,168,112,379171,-0.8651,-0.1859,-0.196,
Crizotinib,AZD-7762,168,119,379172,-0.9352,-0.4925,-0.5112,
Crizotinib,Bortezomib,168,11,379173,-0.9055,-0.7072,-0.7239,
Crizotinib,Navitoclax,168,128,379174,-0.9088,-0.3466,-0.3551,
Crizotinib,Trametinib,168,131,379175,-0.8568,-0.1548,-0.1549,
Crizotinib,Afatinib,168,133,379176,-0.9323,-0.1922,-0.1922,
Crizotinib,Vandetanib,168,135,379177,-0.9429,-0.0568,-0.0833,
Crizotinib,Sapitinib,168,138,379178,-0.9008,-0.0843,-0.0916,
Crizotinib,Pictilisib,168,140,379179,-0.8081,-0.1038,-0.1038,
Crizotinib,Carboplatin,168,14,379180,-0.9143,-0.0225,-0.0487,
Crizotinib,Alvespimycin,168,162,379181,-0.9016,-0.5328,-0.5494,
Crizotinib,BI-2536,168,164,379182,-0.8791,-0.3508,-0.3674,
Crizotinib,BRD-7389,168,165,379183,-0.8786,-0.1682,-0.2062,
Crizotinib,MK2a Inhibitor,168,166,379184,-0.961,-0.1248,-0.1505,
Crizotinib,Crizotinib,168,168,379185,-1.1515,-0.2431,-0.2561,
Crizotinib,Dovitinib,168,169,379186,-0.8875,-0.0999,-0.1497,
Crizotinib,Alvocidib,168,170,379187,-0.9697,-0.4394,-0.4726,
Crizotinib,Foretinib,168,171,379188,-0.9281,-0.2967,-0.321,
Crizotinib,IMD-0354,168,174,379189,-0.9342,-0.2039,-0.2179,
Crizotinib,JQ1 Compound,168,175,379190,-0.9469,-0.2962,-0.3185,
Crizotinib,Pevonedistat,168,176,379191,-0.9522,-0.3831,-0.4163,
Crizotinib,Alisertib,168,177,379192,-0.8612,-0.068,-0.1012,
Crizotinib,Oligomycins,168,178,379193,-0.8674,-0.0475,-0.0475,
Crizotinib,PF-431396,168,179,379194,-0.9287,-0.1852,-0.2148,
Crizotinib,Piperlongumine,168,180,379195,-0.9948,-0.2022,-0.2226,
Crizotinib,SB-225002,168,181,379196,-0.932,-0.2097,-0.2238,
Crizotinib,Zocor,168,182,379197,-1.0065,-0.1865,-0.202,
Crizotinib,Sepantronium Bromide,168,184,379198,-0.9549,-0.684,-0.684,
Crizotinib,2-deoxy-D-glucose,168,185,379199,-0.9379,-0.0469,-0.0472,
Crizotinib,5-Nonyloxytryptamine oxalate,168,186,379200,-0.8408,-0.035,-0.035,
Crizotinib,Alectinib,168,187,379201,-0.8868,0.0183,0.0095,
Crizotinib,AR-A014418,168,188,379202,-0.9242,-0.129,-0.1354,
Crizotinib,Atorvastatin,168,189,379203,-0.8614,-0.0485,-0.0485,
Crizotinib,(E)-3-Tosylacrylonitrile,168,190,379204,-0.8934,-0.1486,-0.1984,
Crizotinib,BI-D1870,168,191,379205,-0.8611,0.0179,-0.0153,
Crizotinib,Bms-754807,168,192,379206,-0.9703,-0.1619,-0.1929,
Crizotinib,Bosutinib,168,193,379207,-0.9083,-0.0841,-0.0984,
Crizotinib,BX 513 hydrochloride,168,194,379208,-0.9102,-0.1108,-0.1535,
Crizotinib,Cerulenin,168,195,379209,-0.9422,-0.0542,-0.0506,
Crizotinib,CIP 13-74,168,196,379210,-0.9863,-0.1882,-0.1882,
Crizotinib,Curcumin,168,197,379211,-1.0098,-0.1659,-0.1674,
Crizotinib,Momelotinib,168,198,379212,-0.9821,-0.1773,-0.1767,
Crizotinib,Dapagliflozin,168,199,379213,-0.9053,0.0032,-0.0156,
Crizotinib,Digoxin,168,200,379214,-0.9296,-0.4116,-0.4223,
Crizotinib,Efavirenz,168,201,379215,-0.8655,0.0427,0.0424,
Crizotinib,EHT-1864,168,202,379216,-0.8713,0.0381,0.0367,
Crizotinib,Embelin,168,203,379217,-0.8544,0.0534,0.0537,
Crizotinib,Enzastaurin,168,204,379218,-0.9202,-0.0124,-0.0124,
Crizotinib,ES-936,168,205,379219,-0.9252,-0.0164,-0.0173,
Crizotinib,GANT-61,168,206,379220,-0.8685,0.0109,0.0113,
Crizotinib,GGTI-298,168,207,379221,-0.8323,0.0141,-0.0015,
Crizotinib,Gsk-690693,168,208,379222,-0.8563,0.0409,0.0069,
Crizotinib,HBX-41108,168,209,379223,-0.8812,-0.1401,-0.1499,
Crizotinib,Homoharringtonine,168,210,379224,-0.9275,-0.5567,-0.563,
Crizotinib,Hydroxychloroquine,168,211,379225,-0.9295,-0.0299,-0.0302,
Crizotinib,I-BET,168,212,379226,-0.9015,-0.0882,-0.1129,
Crizotinib,JK184,168,213,379227,-0.9439,-0.3598,-0.3736,
Crizotinib,Pyrazolanthrone,168,214,379228,-0.9992,-0.1083,-0.1169,
Crizotinib,KP372-1,168,215,379229,-0.9365,-0.5371,-0.5703,
Crizotinib,Nodinitib-1,168,216,379230,-0.9029,0.0129,0.005,
Crizotinib,Entinostat,168,217,379231,-0.9185,-0.2034,-0.2367,
Crizotinib,Nelfinavir,168,218,379232,-0.9485,-0.0854,-0.0864,
Crizotinib,NH125,168,219,379233,-0.8313,-0.1159,-0.1252,
Crizotinib,Nutlin-3,168,220,379234,-0.9966,-0.1522,-0.1541,
Crizotinib,NVP-231,168,221,379235,-0.9262,-0.1103,-0.1536,
Crizotinib,Sonidegib,168,222,379236,-0.9489,-0.0498,-0.05,
Crizotinib,Nvp-tae 684,168,223,379237,-0.9555,-0.2029,-0.2498,
Crizotinib,Obatoclax mesylate,168,224,379238,-0.9032,-0.2019,-0.2517,
Crizotinib,Orlistat,168,225,379239,-0.8327,-0.0107,-0.0107,
Crizotinib,OSI-906,168,226,379240,-0.8261,0.049,0.0393,
Crizotinib,Palbociclib,168,227,379241,-0.843,0.0073,0.0068,
Crizotinib,PD173074,168,228,379242,-0.901,-0.0886,-0.111,
Crizotinib,PF-429242,168,229,379243,-0.8796,0.0296,0.0284,
Crizotinib,PF-573228,168,230,379244,-1.0104,-0.0916,-0.1389,
Crizotinib,PF-3644022,168,231,379245,-0.8749,0.0369,0.0333,
Crizotinib,Pha-665752,168,232,379246,-0.9042,-0.01,0.0038,
Crizotinib,PNU-74654,168,233,379247,-1.0038,-0.0949,-0.1242,
Crizotinib,PX-12,168,234,379248,-1.0105,-0.1585,-0.1607,
Crizotinib,Ritonavir,168,235,379249,-0.991,-0.1562,-0.1723,
Crizotinib,RO4929097,168,236,379250,-0.953,-0.0814,-0.0814,
Crizotinib,Rosiglitazone,168,237,379251,-1.0267,-0.1184,-0.1207,
Crizotinib,SB-218078,168,238,379252,-0.95,-0.1522,-0.1523,
Crizotinib,Elesclomol,168,239,379253,-1.0053,-0.2199,-0.2297,
Crizotinib,Dactinomycin,168,23,379254,-0.9155,-0.7974,-0.7974,
Crizotinib,Stattic,168,240,379255,-0.9447,-0.2046,-0.2184,
Crizotinib,Syk Inhibitor,168,241,379256,-0.9927,-0.1002,-0.0999,
Crizotinib,Temsirolimus,168,242,379257,-0.8803,-0.0149,-0.0164,
Crizotinib,Thioridazine,168,243,379258,-0.9242,-0.0503,-0.05,
Crizotinib,Tipifarnib,168,244,379259,-0.9712,-0.2426,-0.2426,
Crizotinib,Tivantinib,168,245,379260,-0.9884,-0.2474,-0.2723,
Crizotinib,Tozasertib,168,246,379261,-0.9283,-0.1804,-0.197,
Crizotinib,Triapine,168,247,379262,-0.9106,-0.287,-0.3227,
Crizotinib,Trifluoperazine,168,248,379263,-0.879,-0.0416,-0.0456,
Crizotinib,Trifluridine,168,249,379264,-0.9595,-0.1299,-0.1418,
Crizotinib,Dasatinib,168,24,379265,-0.9433,-0.1775,-0.1807,
Crizotinib,Triptolide,168,250,379266,-0.9304,-0.7493,-0.7494,
Crizotinib,UNC0638,168,251,379267,-0.888,-0.1751,-0.1751,
Crizotinib,Vemurafenib,168,252,379268,-0.9343,-0.0241,-0.0263,
Crizotinib,Verapamil,168,253,379269,-0.9271,-0.0242,-0.0416,
Crizotinib,Vismodegib,168,254,379270,-0.8389,0.0105,0.0005,
Crizotinib,WZ4002,168,255,379271,-0.9479,-0.0462,-0.046,
Crizotinib,XAV-939,168,256,379272,-0.9497,-0.1552,-0.1552,
Crizotinib,Zibotentan,168,258,379273,-0.8871,0.018,0.0172,
Crizotinib,Decitabine,168,26,379274,-0.8972,-0.0883,-0.1049,
Crizotinib,Adavosertib,168,2,379275,-0.9046,-0.35,-0.3669,
Crizotinib,Docetaxel,168,32,379276,-0.8225,-0.4754,-0.4754,
Crizotinib,Erlotinib,168,34,379277,-0.9425,-0.1028,-0.1029,
Crizotinib,Etoposide,168,36,379278,-0.9251,-0.2136,-0.2395,
Crizotinib,Fluorouracil,168,41,379279,-0.8597,-0.0273,-0.0411,
Crizotinib,Gemcitabine,168,45,379280,-0.9142,-0.735,-0.7351,
Crizotinib,Imatinib,168,48,379281,-1.0021,-0.0929,-0.0942,
Crizotinib,Dactolisib,168,332,379282,-0.9589,-0.2637,-0.2969,
Crizotinib,Lapatinib,168,52,379283,-0.9779,-0.2192,-0.2524,
Crizotinib,Metformin,168,62,379284,-0.9402,-0.0232,-0.0322,
Crizotinib,Mitomycin,168,65,379285,-0.9085,-0.4787,-0.4953,
Crizotinib,MK-2206,168,68,379286,-0.9873,-0.1639,-0.1717,
Crizotinib,Oxaliplatin,168,75,379287,-0.9285,-0.0304,-0.0307,
Crizotinib,Paclitaxel,168,76,379288,-1.0064,-0.5543,-0.5644,
Crizotinib,Pemetrexed,168,77,379289,-0.847,-0.0086,-0.053,
Crizotinib,Sirolimus,168,86,379290,-0.8218,-0.0639,-0.0639,
Crizotinib,SN 38 Lactone,168,87,379291,-0.9064,-0.7332,-0.7332,
Crizotinib,Sorafenib,168,88,379292,-0.8486,0.0417,0.0587,
Crizotinib,Sunitinib,168,90,379293,-0.9404,-0.0313,-0.0325,
Crizotinib,Topotecan,168,97,379294,-0.8761,-0.4303,-0.447,
Vismodegib,Veliparib,254,102,379295,-0.8881,-0.0298,-0.0484,
Vismodegib,Vinorelbine,254,105,379296,-0.7503,-0.156,-0.1736,
Vismodegib,Vorinostat,254,106,379297,-0.7846,-0.1015,-0.1517,
Vismodegib,Carfilzomib,254,110,379298,-0.7039,-0.5066,-0.534,
Vismodegib,Azd4547,254,112,379299,-0.6886,-0.0091,-0.0299,
Vismodegib,AZD-7762,254,119,379300,-0.5188,-0.0758,-0.1159,
Vismodegib,Bortezomib,254,11,379301,-0.6748,-0.4764,-0.5037,
Vismodegib,Navitoclax,254,128,379302,-0.6067,-0.0442,-0.0734,
Vismodegib,Trametinib,254,131,379303,-0.73,-0.0277,-0.0277,
Vismodegib,Afatinib,254,133,379304,-0.7301,0.0104,0.0075,
Vismodegib,Vandetanib,254,135,379305,-0.9384,-0.0519,-0.1073,
Vismodegib,Sapitinib,254,138,379306,-0.8085,0.0084,-0.0166,
Vismodegib,Pictilisib,254,140,379307,-0.7093,-0.0046,-0.0047,
Vismodegib,Carboplatin,254,14,379308,-0.9263,-0.034,-0.0849,
Vismodegib,Alvespimycin,254,162,379309,-0.6314,-0.2623,-0.2897,
Vismodegib,BI-2536,254,164,379310,-0.5554,-0.0269,-0.0542,
Vismodegib,BRD-7389,254,165,379311,-0.6428,0.068,-0.0021,
Vismodegib,MK2a Inhibitor,254,166,379312,-0.7943,0.0744,-0.0261,
Vismodegib,Crizotinib,254,168,379313,-0.9569,-0.1015,-0.1013,
Vismodegib,Dovitinib,254,169,379314,-0.6647,0.1234,0.0415,
Vismodegib,Alvocidib,254,170,379315,-0.565,-0.0344,-0.089,
Vismodegib,Foretinib,254,171,379316,-0.6736,-0.0418,-0.0875,
Vismodegib,IMD-0354,254,174,379317,-0.7405,-0.0098,-0.0549,
Vismodegib,JQ1 Compound,254,175,379318,-0.6804,-0.0293,-0.073,
Vismodegib,Pevonedistat,254,176,379319,-0.6075,-0.0381,-0.0927,
Vismodegib,Alisertib,254,177,379320,-0.7127,0.081,0.0263,
Vismodegib,Oligomycins,254,178,379321,-0.8644,-0.044,-0.0495,
Vismodegib,PF-431396,254,179,379322,-0.6821,0.0618,0.0037,
Vismodegib,Piperlongumine,254,180,379323,-0.809,0.0173,-0.0792,
Vismodegib,SB-225002,254,181,379324,-0.7841,-0.0613,-0.1067,
Vismodegib,Zocor,254,182,379325,-0.906,-0.1016,-0.1224,
Vismodegib,Sepantronium Bromide,254,184,379326,-0.7122,-0.4412,-0.4436,
Vismodegib,2-deoxy-D-glucose,254,185,379327,-0.8376,0.0131,0.0108,
Vismodegib,5-Nonyloxytryptamine oxalate,254,186,379328,-0.8103,-0.0041,-0.0161,
Vismodegib,Alectinib,254,187,379329,-0.9474,-0.0916,-0.0918,
Vismodegib,AR-A014418,254,188,379330,-0.8212,-0.0256,-0.0534,
Vismodegib,Atorvastatin,254,189,379331,-0.8062,0.0071,-0.001,
Vismodegib,(E)-3-Tosylacrylonitrile,254,190,379332,-0.6857,0.0595,-0.0224,
Vismodegib,BI-D1870,254,191,379333,-0.9115,-0.0321,-0.097,
Vismodegib,Bms-754807,254,192,379334,-0.7376,0.0712,0.0144,
Vismodegib,Bosutinib,254,193,379335,-0.8247,-0.0001,-0.0386,
Vismodegib,BX 513 hydrochloride,254,194,379336,-0.7348,0.065,-0.0098,
Vismodegib,Cerulenin,254,195,379337,-0.9148,0.0251,-0.0654,
Vismodegib,CIP 13-74,254,196,379338,-0.8988,-0.1003,-0.1078,
Vismodegib,Curcumin,254,197,379339,-0.8714,0.0164,-0.0642,
Vismodegib,Momelotinib,254,198,379340,-0.8564,-0.0199,-0.0852,
Vismodegib,Dapagliflozin,254,199,379341,-0.9302,-0.0747,-0.0747,
Vismodegib,Digoxin,254,200,379342,-0.6172,-0.0989,-0.1287,
Vismodegib,Efavirenz,254,201,379343,-0.8816,-0.0263,-0.0266,
Vismodegib,EHT-1864,254,202,379344,-0.866,0.0486,-0.011,
Vismodegib,Embelin,254,203,379345,-0.8825,0.035,-0.0275,
Vismodegib,Enzastaurin,254,204,379346,-0.9262,-0.0585,-0.0713,
Vismodegib,ES-936,254,205,379347,-0.9999,-0.1441,-0.1449,
Vismodegib,GANT-61,254,206,379348,-0.8685,0.076,-0.031,
Vismodegib,GGTI-298,254,207,379349,-0.8781,-0.0313,-0.0674,
Vismodegib,Gsk-690693,254,208,379350,-0.8967,0.0009,-0.0742,
Vismodegib,HBX-41108,254,209,379351,-0.7363,0.0051,-0.0229,
Vismodegib,Homoharringtonine,254,210,379352,-0.5468,-0.1758,-0.1928,
Vismodegib,Hydroxychloroquine,254,211,379353,-0.8997,0.0612,-0.0447,
Vismodegib,I-BET,254,212,379354,-0.8538,-0.04,-0.0956,
Vismodegib,JK184,254,213,379355,-0.7913,-0.2069,-0.2315,
Vismodegib,Pyrazolanthrone,254,214,379356,-0.9661,-0.1102,-0.1127,
Vismodegib,KP372-1,254,215,379357,-0.5645,-0.1649,-0.2195,
Vismodegib,Nodinitib-1,254,216,379358,-0.9592,-0.0763,-0.1043,
Vismodegib,Entinostat,254,217,379359,-0.6935,0.0219,-0.0393,
Vismodegib,Nelfinavir,254,218,379360,-0.9058,0.0233,-0.0859,
Vismodegib,NH125,254,219,379361,-0.7263,-0.0105,-0.0371,
Vismodegib,Nutlin-3,254,220,379362,-0.8422,0.0654,-0.0419,
Vismodegib,NVP-231,254,221,379363,-0.7671,0.0548,-0.0261,
Vismodegib,Sonidegib,254,222,379364,-0.8201,0.1383,0.035,
Vismodegib,Nvp-tae 684,254,223,379365,-0.6779,0.075,-0.0039,
Vismodegib,Obatoclax mesylate,254,224,379366,-0.6181,0.0835,0.0016,
Vismodegib,Orlistat,254,225,379367,-0.7992,0.0232,0.0213,
Vismodegib,OSI-906,254,226,379368,-0.8982,-0.0084,-0.0702,
Vismodegib,Palbociclib,254,227,379369,-0.8166,0.0436,0.0017,
Vismodegib,PD173074,254,228,379370,-0.7996,0.0132,-0.0305,
Vismodegib,PF-429242,254,229,379371,-0.909,-0.0009,-0.054,
Vismodegib,PF-573228,254,230,379372,-0.9421,-0.0228,-0.1022,
Vismodegib,PF-3644022,254,231,379373,-0.9706,-0.1116,-0.1153,
Vismodegib,Pha-665752,254,232,379374,-0.8024,0.0388,0.0526,
Vismodegib,PNU-74654,254,233,379375,-0.9495,-0.0401,-0.0957,
Vismodegib,PX-12,254,234,379376,-0.9081,-0.0312,-0.1006,
Vismodegib,Ritonavir,254,235,379377,-0.9203,-0.0797,-0.1226,
Vismodegib,RO4929097,254,236,379378,-0.8725,-0.016,-0.0192,
Vismodegib,Rosiglitazone,254,237,379379,-0.9671,-0.1104,-0.112,
Vismodegib,SB-218078,254,238,379380,-0.8227,-0.0245,-0.0278,
Vismodegib,Elesclomol,254,239,379381,-0.939,-0.1532,-0.1843,
Vismodegib,Dactinomycin,254,23,379382,-0.7504,-0.6322,-0.6322,
Vismodegib,Stattic,254,240,379383,-0.7371,0.0206,-0.0533,
Vismodegib,Syk Inhibitor,254,241,379384,-0.9018,0.054,-0.0512,
Vismodegib,Temsirolimus,254,242,379385,-0.8587,0.0072,-0.0193,
Vismodegib,Thioridazine,254,243,379386,-0.93,-0.0068,-0.0981,
Vismodegib,Tipifarnib,254,244,379387,-0.8513,-0.1222,-0.1313,
Vismodegib,Tivantinib,254,245,379388,-0.7536,-0.0121,-0.0692,
Vismodegib,Tozasertib,254,246,379389,-0.7761,-0.0278,-0.0621,
Vismodegib,Triapine,254,247,379390,-0.5567,0.0673,-0.0005,
Vismodegib,Trifluoperazine,254,248,379391,-0.8763,-0.0384,-0.0605,
Vismodegib,Trifluridine,254,249,379392,-0.8551,-0.0152,-0.0696,
Vismodegib,Dasatinib,254,24,379393,-0.7738,-0.0075,-0.0214,
Vismodegib,Triptolide,254,250,379394,-0.7248,-0.5437,-0.5437,
Vismodegib,UNC0638,254,251,379395,-0.7111,0.0021,0.0008,
Vismodegib,Vemurafenib,254,252,379396,-1.0233,-0.1019,-0.1683,
Vismodegib,Verapamil,254,253,379397,-0.9414,-0.0751,-0.0909,
Vismodegib,Vismodegib,254,254,379398,-0.8667,-0.0695,-0.0483,
Vismodegib,WZ4002,254,255,379399,-0.9648,-0.0156,-0.1097,
Vismodegib,XAV-939,254,256,379400,-0.8835,-0.0885,-0.0991,
Vismodegib,Zibotentan,254,258,379401,-0.9319,0.0114,-0.0768,
Vismodegib,Decitabine,254,26,379402,-0.8323,-0.023,-0.0504,
Vismodegib,Adavosertib,254,2,379403,-0.5722,-0.0173,-0.0557,
Vismodegib,Docetaxel,254,32,379404,-0.887,-0.5397,-0.5397,
Vismodegib,Erlotinib,254,34,379405,-0.8934,-0.0533,-0.0598,
Vismodegib,Etoposide,254,36,379406,-0.7032,0.0086,-0.0493,
Vismodegib,Fluorouracil,254,41,379407,-0.8392,-0.0064,-0.0416,
Vismodegib,Gemcitabine,254,45,379408,-0.7605,-0.5812,-0.5812,
Vismodegib,Imatinib,254,48,379409,-0.9725,-0.1153,-0.1176,
Vismodegib,Dactolisib,254,332,379410,-0.7603,-0.0648,-0.1194,
Vismodegib,Lapatinib,254,52,379411,-0.7348,0.0244,-0.0302,
Vismodegib,Metformin,254,62,379412,-0.9579,-0.0437,-0.1029,
Vismodegib,Mitomycin,254,65,379413,-0.4971,-0.067,-0.0943,
Vismodegib,MK-2206,254,68,379414,-0.8672,-0.0433,-0.0725,
Vismodegib,Oxaliplatin,254,75,379415,-0.9066,0.0574,-0.0515,
Vismodegib,Paclitaxel,254,76,379416,-0.9409,-0.4885,-0.5094,
Vismodegib,Pemetrexed,254,77,379417,-0.7826,0.0562,-0.0202,
Vismodegib,Sirolimus,254,86,379418,-0.7385,0.0198,0.0198,
Vismodegib,SN 38 Lactone,254,87,379419,-0.7143,-0.5409,-0.5409,
Vismodegib,Sorafenib,254,88,379420,-0.9394,-0.102,-0.0843,
Vismodegib,Sunitinib,254,90,379421,-0.9281,-0.0301,-0.0731,
Vismodegib,Topotecan,254,97,379422,-0.5164,-0.0704,-0.102,
Cabozantinib,Veliparib,257,102,379423,-0.9165,-0.059,-0.059,
Cabozantinib,Vinorelbine,257,105,379424,-0.9381,-0.3443,-0.3443,
Cabozantinib,Vorinostat,257,106,379425,-1.0046,-0.3222,-0.3315,
Cabozantinib,Carfilzomib,257,110,379426,-0.9481,-0.751,-0.7605,
Cabozantinib,Azd4547,257,112,379427,-0.8769,-0.198,-0.2009,
Cabozantinib,AZD-7762,257,119,379428,-0.9468,-0.5042,-0.5137,
Cabozantinib,Bortezomib,257,11,379429,-0.9429,-0.7447,-0.7541,
Cabozantinib,Navitoclax,257,128,379430,-0.9046,-0.3426,-0.3439,
Cabozantinib,Trametinib,257,131,379431,-0.8843,-0.1827,-0.1827,
Cabozantinib,Afatinib,257,133,379432,-0.9494,-0.2096,-0.2096,
Cabozantinib,Vandetanib,257,135,379433,-0.978,-0.0923,-0.1044,
Cabozantinib,Sapitinib,257,138,379434,-0.9338,-0.1176,-0.1178,
Cabozantinib,Pictilisib,257,140,379435,-0.7649,-0.0609,-0.0609,
Cabozantinib,Carboplatin,257,14,379436,-0.8798,0.0116,-0.0003,
Cabozantinib,Alvespimycin,257,162,379437,-0.9343,-0.5656,-0.575,
Cabozantinib,BI-2536,257,164,379438,-0.9216,-0.3935,-0.403,
Cabozantinib,BRD-7389,257,165,379439,-0.9369,-0.2268,-0.2456,
Cabozantinib,MK2a Inhibitor,257,166,379440,-0.9799,-0.1119,-0.141,
Cabozantinib,Crizotinib,257,168,379441,-1.0813,-0.1685,-0.1719,
Cabozantinib,Dovitinib,257,169,379442,-0.9426,-0.1553,-0.1836,
Cabozantinib,Alvocidib,257,170,379443,-0.9884,-0.4582,-0.4771,
Cabozantinib,Foretinib,257,171,379444,-0.9319,-0.3008,-0.3107,
Cabozantinib,IMD-0354,257,174,379445,-0.8935,-0.1634,-0.1684,
Cabozantinib,JQ1 Compound,257,175,379446,-0.9654,-0.3149,-0.3244,
Cabozantinib,Pevonedistat,257,176,379447,-0.9138,-0.3449,-0.3638,
Cabozantinib,Alisertib,257,177,379448,-0.8664,-0.0735,-0.0924,
Cabozantinib,Oligomycins,257,178,379449,-0.9123,-0.0927,-0.0927,
Cabozantinib,PF-431396,257,179,379450,-0.8894,-0.1462,-0.1615,
Cabozantinib,Piperlongumine,257,180,379451,-0.9808,-0.1553,-0.1803,
Cabozantinib,SB-225002,257,181,379452,-0.946,-0.2239,-0.2283,
Cabozantinib,Zocor,257,182,379453,-0.9688,-0.1408,-0.1503,
Cabozantinib,Sepantronium Bromide,257,184,379454,-0.9631,-0.6923,-0.6923,
Cabozantinib,2-deoxy-D-glucose,257,185,379455,-0.9083,0.0042,0.004,
Cabozantinib,5-Nonyloxytryptamine oxalate,257,186,379456,-0.8425,-0.037,-0.037,
Cabozantinib,Alectinib,257,187,379457,-0.9086,-0.0039,-0.0051,
Cabozantinib,AR-A014418,257,188,379458,-0.9049,-0.1099,-0.1099,
Cabozantinib,Atorvastatin,257,189,379459,-0.8746,-0.062,-0.062,
Cabozantinib,(E)-3-Tosylacrylonitrile,257,190,379460,-0.9093,-0.1648,-0.1931,
Cabozantinib,BI-D1870,257,191,379461,-0.9451,-0.0665,-0.0854,
Cabozantinib,Bms-754807,257,192,379462,-0.9588,-0.1508,-0.1674,
Cabozantinib,Bosutinib,257,193,379463,-0.9221,-0.0983,-0.1015,
Cabozantinib,BX 513 hydrochloride,257,194,379464,-0.8839,-0.0848,-0.106,
Cabozantinib,Cerulenin,257,195,379465,-0.9483,-0.0272,-0.0294,
Cabozantinib,CIP 13-74,257,196,379466,-0.9703,-0.1725,-0.1725,
Cabozantinib,Curcumin,257,197,379467,-0.9718,-0.0957,-0.1082,
Cabozantinib,Momelotinib,257,198,379468,-0.9477,-0.1126,-0.1283,
Cabozantinib,Dapagliflozin,257,199,379469,-0.9624,-0.0465,-0.0587,
Cabozantinib,Digoxin,257,200,379470,-0.9381,-0.4203,-0.4238,
Cabozantinib,Efavirenz,257,201,379471,-0.8758,0.068,0.0676,
Cabozantinib,EHT-1864,257,202,379472,-0.8934,0.0505,0.046,
Cabozantinib,Embelin,257,203,379473,-0.9691,-0.0262,-0.0323,
Cabozantinib,Enzastaurin,257,204,379474,-0.9279,0.0177,0.0154,
Cabozantinib,ES-936,257,205,379475,-0.8922,0.052,0.0512,
Cabozantinib,GANT-61,257,206,379476,-0.8696,0.0402,0.0385,
Cabozantinib,GGTI-298,257,207,379477,-0.8953,-0.0492,-0.0577,
Cabozantinib,Gsk-690693,257,208,379478,-0.9683,-0.0716,-0.0904,
Cabozantinib,HBX-41108,257,209,379479,-0.9101,-0.1693,-0.1719,
Cabozantinib,Homoharringtonine,257,210,379480,-0.9396,-0.569,-0.569,
Cabozantinib,Hydroxychloroquine,257,211,379481,-0.9163,0.0171,0.0113,
Cabozantinib,I-BET,257,212,379482,-0.9304,-0.1174,-0.1277,
Cabozantinib,JK184,257,213,379483,-0.916,-0.3321,-0.3388,
Cabozantinib,Pyrazolanthrone,257,214,379484,-0.9275,-0.0369,-0.0369,
Cabozantinib,KP372-1,257,215,379485,-0.9545,-0.5552,-0.5741,
Cabozantinib,Nodinitib-1,257,216,379486,-0.8795,0.0854,0.0639,
Cabozantinib,Entinostat,257,217,379487,-0.9218,-0.207,-0.2259,
Cabozantinib,Nelfinavir,257,218,379488,-0.9732,-0.066,-0.0828,
Cabozantinib,NH125,257,219,379489,-0.8645,-0.1494,-0.1515,
Cabozantinib,Nutlin-3,257,220,379490,-0.9394,-0.0436,-0.0685,
Cabozantinib,NVP-231,257,221,379491,-0.9234,-0.1023,-0.1296,
Cabozantinib,Sonidegib,257,222,379492,-0.9538,-0.0148,-0.0265,
Cabozantinib,Nvp-tae 684,257,223,379493,-0.9606,-0.2083,-0.2337,
Cabozantinib,Obatoclax mesylate,257,224,379494,-0.9773,-0.2763,-0.3046,
Cabozantinib,Orlistat,257,225,379495,-0.8471,-0.0254,-0.0254,
Cabozantinib,OSI-906,257,226,379496,-0.9132,-0.0242,-0.0337,
Cabozantinib,Palbociclib,257,227,379497,-0.871,-0.0117,-0.0144,
Cabozantinib,PD173074,257,228,379498,-0.942,-0.1299,-0.1379,
Cabozantinib,PF-429242,257,229,379499,-0.8506,0.0946,0.0902,
Cabozantinib,PF-573228,257,230,379500,-1.0023,-0.0839,-0.1096,
Cabozantinib,PF-3644022,257,231,379501,-0.8761,0.0701,0.0626,
Cabozantinib,Pha-665752,257,232,379502,-0.8505,0.0791,0.087,
Cabozantinib,PNU-74654,257,233,379503,-1.0185,-0.11,-0.1249,
Cabozantinib,PX-12,257,234,379504,-1.0094,-0.1333,-0.136,
Cabozantinib,Ritonavir,257,235,379505,-0.9866,-0.1468,-0.1539,
Cabozantinib,RO4929097,257,236,379506,-0.9717,-0.1005,-0.1005,
Cabozantinib,Rosiglitazone,257,237,379507,-1.0028,-0.0584,-0.0685,
Cabozantinib,SB-218078,257,238,379508,-0.9035,-0.1061,-0.1061,
Cabozantinib,Elesclomol,257,239,379509,-0.9563,-0.1712,-0.1721,
Cabozantinib,Dactinomycin,257,23,379510,-0.9375,-0.8195,-0.8195,
Cabozantinib,Stattic,257,240,379511,-1.0019,-0.2449,-0.2571,
Cabozantinib,Syk Inhibitor,257,241,379512,-0.99,-0.0634,-0.0689,
Cabozantinib,Temsirolimus,257,242,379513,-0.9253,-0.0602,-0.0602,
Cabozantinib,Thioridazine,257,243,379514,-0.9429,-0.0206,-0.0451,
Cabozantinib,Tipifarnib,257,244,379515,-0.956,-0.2277,-0.2277,
Cabozantinib,Tivantinib,257,245,379516,-0.9972,-0.2564,-0.2624,
Cabozantinib,Tozasertib,257,246,379517,-0.962,-0.2144,-0.2238,
Cabozantinib,Triapine,257,247,379518,-0.9176,-0.2942,-0.3131,
Cabozantinib,Trifluoperazine,257,248,379519,-0.8563,-0.0191,-0.0191,
Cabozantinib,Trifluridine,257,249,379520,-0.9459,-0.1068,-0.1142,
Cabozantinib,Dasatinib,257,24,379521,-0.985,-0.2195,-0.2195,
Cabozantinib,Triptolide,257,250,379522,-0.957,-0.776,-0.776,
Cabozantinib,UNC0638,257,251,379523,-0.8439,-0.1313,-0.1313,
Cabozantinib,Vemurafenib,257,252,379524,-0.9178,0.0281,0.0212,
Cabozantinib,Verapamil,257,253,379525,-0.9049,-0.0024,-0.0061,
Cabozantinib,Vismodegib,257,254,379526,-0.8492,-0.0001,-0.0015,
Cabozantinib,WZ4002,257,255,379527,-0.9033,0.0339,0.0268,
Cabozantinib,XAV-939,257,256,379528,-0.9606,-0.1664,-0.1664,
Cabozantinib,Zibotentan,257,258,379529,-0.8718,0.0707,0.0608,
Cabozantinib,Decitabine,257,26,379530,-0.9355,-0.127,-0.1364,
Cabozantinib,Adavosertib,257,2,379531,-0.9165,-0.3622,-0.3648,
Cabozantinib,Docetaxel,257,32,379532,-0.9524,-0.6054,-0.6054,
Cabozantinib,Erlotinib,257,34,379533,-0.9769,-0.1376,-0.1376,
Cabozantinib,Etoposide,257,36,379534,-0.9394,-0.2283,-0.2377,
Cabozantinib,Fluorouracil,257,41,379535,-0.8714,-0.0394,-0.0438,
Cabozantinib,Gemcitabine,257,45,379536,-0.9471,-0.768,-0.768,
Cabozantinib,Imatinib,257,48,379537,-0.9035,0.0416,0.0398,
Cabozantinib,Dactolisib,257,332,379538,-0.9971,-0.3022,-0.3211,
Cabozantinib,Lapatinib,257,52,379539,-0.956,-0.1975,-0.2164,
Cabozantinib,Metformin,257,62,379540,-0.9308,0.0388,0.007,
Cabozantinib,Mitomycin,257,65,379541,-0.9575,-0.5278,-0.5372,
Cabozantinib,MK-2206,257,68,379542,-0.9642,-0.141,-0.1411,
Cabozantinib,Oxaliplatin,257,75,379543,-0.9761,-0.0441,-0.0501,
Cabozantinib,Paclitaxel,257,76,379544,-1.097,-0.645,-0.648,
Cabozantinib,Pemetrexed,257,77,379545,-0.9313,-0.0933,-0.1161,
Cabozantinib,Sirolimus,257,86,379546,-0.8355,-0.0779,-0.0779,
Cabozantinib,SN 38 Lactone,257,87,379547,-0.9405,-0.7673,-0.7673,
Cabozantinib,Sorafenib,257,88,379548,-0.851,0.0747,0.0846,
Cabozantinib,Sunitinib,257,90,379549,-1.0261,-0.0776,-0.0832,
Cabozantinib,Topotecan,257,97,379550,-0.9104,-0.4647,-0.4742,
Erlotinib,Veliparib,34,102,379551,-0.877,-0.0315,-0.0673,
Erlotinib,Vinorelbine,34,105,379552,-0.8464,-0.2518,-0.2859,
Erlotinib,Vorinostat,34,106,379553,-0.9222,-0.2388,-0.316,
Erlotinib,Carfilzomib,34,110,379554,-0.8315,-0.6341,-0.6704,
Erlotinib,Azd4547,34,112,379555,-0.9661,-0.2863,-0.3236,
Erlotinib,AZD-7762,34,119,379556,-0.8717,-0.4285,-0.4866,
Erlotinib,Bortezomib,34,11,379557,-0.8146,-0.6162,-0.6525,
Erlotinib,Navitoclax,34,128,379558,-0.8617,-0.2989,-0.3462,
Erlotinib,Trametinib,34,131,379559,-0.8231,-0.1205,-0.1205,
Erlotinib,Afatinib,34,133,379560,-0.8344,-0.0936,-0.1142,
Erlotinib,Vandetanib,34,135,379561,-0.8871,-0.0002,-0.0838,
Erlotinib,Sapitinib,34,138,379562,-0.8293,-0.0121,-0.055,
Erlotinib,Pictilisib,34,140,379563,-0.7744,-0.0695,-0.0771,
Erlotinib,Carboplatin,34,14,379564,-0.845,0.0445,-0.0358,
Erlotinib,Alvespimycin,34,162,379565,-0.899,-0.5298,-0.5661,
Erlotinib,BI-2536,34,164,379566,-0.8112,-0.2823,-0.3187,
Erlotinib,BRD-7389,34,165,379567,-0.9127,-0.2015,-0.2987,
Erlotinib,MK2a Inhibitor,34,166,379568,-0.9874,-0.1183,-0.2548,
Erlotinib,Crizotinib,34,168,379569,-1.0097,-0.1988,-0.1987,
Erlotinib,Dovitinib,34,169,379570,-0.9009,-0.1125,-0.2214,
Erlotinib,Alvocidib,34,170,379571,-0.9419,-0.411,-0.4836,
Erlotinib,Foretinib,34,171,379572,-0.9007,-0.2686,-0.3397,
Erlotinib,IMD-0354,34,174,379573,-0.934,-0.2029,-0.275,
Erlotinib,JQ1 Compound,34,175,379574,-0.8299,-0.1785,-0.2402,
Erlotinib,Pevonedistat,34,176,379575,-0.8565,-0.2868,-0.3594,
Erlotinib,Alisertib,34,177,379576,-0.7796,0.0144,-0.0582,
Erlotinib,Oligomycins,34,178,379577,-0.8344,-0.0137,-0.0428,
Erlotinib,PF-431396,34,179,379578,-0.8933,-0.149,-0.2341,
Erlotinib,Piperlongumine,34,180,379579,-0.9293,-0.1026,-0.2351,
Erlotinib,SB-225002,34,181,379580,-0.8982,-0.1751,-0.2475,
Erlotinib,Zocor,34,182,379581,-0.9281,-0.1858,-0.1715,
Erlotinib,Sepantronium Bromide,34,184,379582,-0.9116,-0.6405,-0.6518,
Erlotinib,2-deoxy-D-glucose,34,185,379583,-0.9212,-0.1098,-0.1105,
Erlotinib,5-Nonyloxytryptamine oxalate,34,186,379584,-0.8135,-0.0069,-0.0534,
Erlotinib,Alectinib,34,187,379585,-0.9725,-0.1613,-0.1614,
Erlotinib,AR-A014418,34,188,379586,-0.8953,-0.0992,-0.145,
Erlotinib,Atorvastatin,34,189,379587,-0.8685,-0.0548,-0.0719,
Erlotinib,(E)-3-Tosylacrylonitrile,34,190,379588,-0.8835,-0.138,-0.2469,
Erlotinib,BI-D1870,34,191,379589,-0.9439,-0.0641,-0.156,
Erlotinib,Bms-754807,34,192,379590,-0.9119,-0.1028,-0.1865,
Erlotinib,Bosutinib,34,193,379591,-0.9042,-0.0792,-0.1532,
Erlotinib,BX 513 hydrochloride,34,194,379592,-0.867,-0.0668,-0.1686,
Erlotinib,Cerulenin,34,195,379593,-0.9064,-0.0929,-0.0957,
Erlotinib,CIP 13-74,34,196,379594,-0.8184,-0.0195,-0.0497,
Erlotinib,Curcumin,34,197,379595,-0.8997,-0.1297,-0.128,
Erlotinib,Momelotinib,34,198,379596,-0.9318,-0.2014,-0.1962,
Erlotinib,Dapagliflozin,34,199,379597,-0.904,-0.0931,-0.0931,
Erlotinib,Digoxin,34,200,379598,-0.9085,-0.39,-0.4378,
Erlotinib,Efavirenz,34,201,379599,-0.9084,-0.0976,-0.098,
Erlotinib,EHT-1864,34,202,379600,-0.9604,-0.1429,-0.15,
Erlotinib,Embelin,34,203,379601,-0.8928,-0.0742,-0.0823,
Erlotinib,Enzastaurin,34,204,379602,-0.936,-0.1233,-0.1256,
Erlotinib,ES-936,34,205,379603,-0.9186,-0.1073,-0.1082,
Erlotinib,GANT-61,34,206,379604,-0.8538,-0.0501,-0.0519,
Erlotinib,GGTI-298,34,207,379605,-0.8748,-0.0276,-0.0997,
Erlotinib,Gsk-690693,34,208,379606,-0.9658,-0.073,-0.1789,
Erlotinib,HBX-41108,34,209,379607,-0.8321,-0.0903,-0.1375,
Erlotinib,Homoharringtonine,34,210,379608,-0.8081,-0.4369,-0.4628,
Erlotinib,Hydroxychloroquine,34,211,379609,-0.9344,-0.1123,-0.1239,
Erlotinib,I-BET,34,212,379610,-0.9429,-0.1288,-0.2113,
Erlotinib,JK184,34,213,379611,-0.9047,-0.3201,-0.3536,
Erlotinib,Pyrazolanthrone,34,214,379612,-0.8829,-0.0717,-0.0718,
Erlotinib,KP372-1,34,215,379613,-0.8331,-0.4333,-0.5059,
Erlotinib,Nodinitib-1,34,216,379614,-0.8974,-0.0655,-0.087,
Erlotinib,Entinostat,34,217,379615,-0.8674,-0.1517,-0.2399,
Erlotinib,Nelfinavir,34,218,379616,-0.947,-0.146,-0.1628,
Erlotinib,NH125,34,219,379617,-0.8409,-0.1248,-0.1784,
Erlotinib,Nutlin-3,34,220,379618,-0.9497,-0.1538,-0.1851,
Erlotinib,NVP-231,34,221,379619,-0.9122,-0.09,-0.2046,
Erlotinib,Sonidegib,34,222,379620,-0.9124,-0.0887,-0.1019,
Erlotinib,Nvp-tae 684,34,223,379621,-0.8821,-0.1288,-0.2348,
Erlotinib,Obatoclax mesylate,34,224,379622,-0.8593,-0.1574,-0.2663,
Erlotinib,Orlistat,34,225,379623,-0.8496,-0.0268,-0.045,
Erlotinib,OSI-906,34,226,379624,-0.9338,-0.0624,-0.1413,
Erlotinib,Palbociclib,34,227,379625,-0.9473,-0.0868,-0.1646,
Erlotinib,PD173074,34,228,379626,-1.0088,-0.1957,-0.2574,
Erlotinib,PF-429242,34,229,379627,-0.9628,-0.1458,-0.1524,
Erlotinib,PF-573228,34,230,379628,-0.9431,-0.0679,-0.1348,
Erlotinib,PF-3644022,34,231,379629,-0.9451,-0.1308,-0.1345,
Erlotinib,Pha-665752,34,232,379630,-0.8855,-0.0888,-0.075,
Erlotinib,PNU-74654,34,233,379631,-0.8637,0.0058,-0.0527,
Erlotinib,PX-12,34,234,379632,-0.8738,0.0034,-0.102,
Erlotinib,Ritonavir,34,235,379633,-0.9148,-0.0739,-0.145,
Erlotinib,RO4929097,34,236,379634,-0.8409,-0.0291,-0.0296,
Erlotinib,Rosiglitazone,34,237,379635,-0.9993,-0.188,-0.1888,
Erlotinib,SB-218078,34,238,379636,-0.8136,-0.0151,-0.03,
Erlotinib,Elesclomol,34,239,379637,-1.0021,-0.2159,-0.2651,
Erlotinib,Dactinomycin,34,23,379638,-0.8156,-0.6973,-0.6974,
Erlotinib,Stattic,34,240,379639,-0.9039,-0.1459,-0.2557,
Erlotinib,Syk Inhibitor,34,241,379640,-0.8875,-0.0671,-0.0769,
Erlotinib,Temsirolimus,34,242,379641,-0.8855,-0.0296,-0.0815,
Erlotinib,Thioridazine,34,243,379642,-0.8983,-0.0612,-0.102,
Erlotinib,Tipifarnib,34,244,379643,-0.8579,-0.1285,-0.1466,
Erlotinib,Tivantinib,34,245,379644,-0.9548,-0.2131,-0.2971,
Erlotinib,Tozasertib,34,246,379645,-0.8844,-0.1358,-0.1881,
Erlotinib,Triapine,34,247,379646,-0.8805,-0.2562,-0.351,
Erlotinib,Trifluoperazine,34,248,379647,-0.846,-0.0265,-0.0479,
Erlotinib,Trifluridine,34,249,379648,-0.9375,-0.0972,-0.1876,
Erlotinib,Dasatinib,34,24,379649,-0.8346,-0.068,-0.0987,
Erlotinib,Triptolide,34,250,379650,-0.8217,-0.6405,-0.6405,
Erlotinib,UNC0638,34,251,379651,-0.8543,-0.1407,-0.1658,
Erlotinib,Vemurafenib,34,252,379652,-0.9116,-0.0891,-0.1012,
Erlotinib,Verapamil,34,253,379653,-0.9205,-0.0988,-0.1095,
Erlotinib,Vismodegib,34,254,379654,-0.8595,-0.1069,-0.0677,
Erlotinib,WZ4002,34,255,379655,-0.9409,-0.1196,-0.1303,
Erlotinib,XAV-939,34,256,379656,-0.8312,-0.0359,-0.0645,
Erlotinib,Zibotentan,34,258,379657,-0.94,-0.1123,-0.1295,
Erlotinib,Decitabine,34,26,379658,-0.8971,-0.0874,-0.1311,
Erlotinib,Adavosertib,34,2,379659,-0.8275,-0.2723,-0.3287,
Erlotinib,Docetaxel,34,32,379660,-0.8249,-0.4774,-0.4775,
Erlotinib,Erlotinib,34,34,379661,-0.916,-0.0818,-0.1064,
Erlotinib,Etoposide,34,36,379662,-0.9235,-0.2114,-0.2964,
Erlotinib,Fluorouracil,34,41,379663,-0.9356,-0.1024,-0.1682,
Erlotinib,Gemcitabine,34,45,379664,-0.7953,-0.616,-0.616,
Erlotinib,Imatinib,34,48,379665,-0.95,-0.1379,-0.1397,
Erlotinib,Dactolisib,34,332,379666,-0.8457,-0.1498,-0.2224,
Erlotinib,Lapatinib,34,52,379667,-0.8625,-0.1029,-0.1755,
Erlotinib,Metformin,34,62,379668,-0.8881,-0.044,-0.0777,
Erlotinib,Mitomycin,34,65,379669,-0.8773,-0.447,-0.4843,
Erlotinib,MK-2206,34,68,379670,-0.8441,-0.0198,-0.0734,
Erlotinib,Oxaliplatin,34,75,379671,-0.8801,-0.0575,-0.0696,
Erlotinib,Paclitaxel,34,76,379672,-0.9841,-0.5315,-0.5614,
Erlotinib,Pemetrexed,34,77,379673,-0.8999,-0.0608,-0.1642,
Erlotinib,Sirolimus,34,86,379674,-0.8785,-0.1198,-0.1198,
Erlotinib,SN 38 Lactone,34,87,379675,-0.8354,-0.662,-0.662,
Erlotinib,Sorafenib,34,88,379676,-0.8993,-0.1065,-0.0888,
Erlotinib,Sunitinib,34,90,379677,-0.8979,-0.0805,-0.0875,
Erlotinib,Topotecan,34,97,379678,-0.8642,-0.418,-0.4675,
Everolimus,Veliparib,37,102,379679,-0.9815,-0.1918,-0.2064,
Everolimus,Vinorelbine,37,105,379680,-0.8759,-0.281,-0.3299,
Everolimus,Vorinostat,37,106,379681,-0.9026,-0.3082,-0.3181,
Everolimus,Carfilzomib,37,110,379682,-0.8012,-0.6037,-0.6475,
Everolimus,Azd4547,37,112,379683,-0.8389,-0.1604,-0.2108,
Everolimus,AZD-7762,37,119,379684,-0.8692,-0.4309,-0.4987,
Everolimus,Bortezomib,37,11,379685,-0.8073,-0.6086,-0.6524,
Everolimus,Navitoclax,37,128,379686,-0.8257,-0.3147,-0.3246,
Everolimus,Trametinib,37,131,379687,-0.8224,-0.1194,-0.125,
Everolimus,Afatinib,37,133,379688,-0.7701,-0.0936,-0.0716,
Everolimus,Vandetanib,37,135,379689,-0.8424,-0.0534,-0.0682,
Everolimus,Sapitinib,37,138,379690,-0.9012,-0.1324,-0.1495,
Everolimus,Pictilisib,37,140,379691,-0.7584,-0.0531,-0.0681,
Everolimus,Carboplatin,37,14,379692,-0.8357,-0.0448,-0.0609,
Everolimus,Alvespimycin,37,162,379693,-0.8475,-0.478,-0.5218,
Everolimus,BI-2536,37,164,379694,-0.786,-0.2568,-0.3006,
Everolimus,BRD-7389,37,165,379695,-0.8953,-0.3059,-0.303,
Everolimus,MK2a Inhibitor,37,166,379696,-0.9341,-0.23,-0.2306,
Everolimus,Crizotinib,37,168,379697,-1.1084,-0.3339,-0.3338,
Everolimus,Dovitinib,37,169,379698,-0.8965,-0.2384,-0.2387,
Everolimus,Alvocidib,37,170,379699,-0.8878,-0.4436,-0.444,
Everolimus,Foretinib,37,171,379700,-0.8112,-0.2814,-0.272,
Everolimus,IMD-0354,37,174,379701,-0.9155,-0.2874,-0.2783,
Everolimus,JQ1 Compound,37,175,379702,-0.8188,-0.2318,-0.2435,
Everolimus,Pevonedistat,37,176,379703,-0.871,-0.3661,-0.3884,
Everolimus,Alisertib,37,177,379704,-0.7819,-0.0552,-0.0757,
Everolimus,Oligomycins,37,178,379705,-0.8393,-0.0651,-0.0749,
Everolimus,PF-431396,37,179,379706,-0.8399,-0.2084,-0.2025,
Everolimus,Piperlongumine,37,180,379707,-1.013,-0.3481,-0.3478,
Everolimus,SB-225002,37,181,379708,-0.8351,-0.2152,-0.2062,
Everolimus,Zocor,37,182,379709,-0.9548,-0.2418,-0.2273,
Everolimus,Sepantronium Bromide,37,184,379710,-0.8581,-0.5867,-0.6056,
Everolimus,2-deoxy-D-glucose,37,185,379711,-0.9005,-0.126,-0.1261,
Everolimus,5-Nonyloxytryptamine oxalate,37,186,379712,-0.8254,-0.1103,-0.0944,
Everolimus,Alectinib,37,187,379713,-0.9142,-0.1394,-0.1395,
Everolimus,AR-A014418,37,188,379714,-0.9796,-0.2667,-0.251,
Everolimus,Atorvastatin,37,189,379715,-0.8024,-0.0207,-0.0295,
Everolimus,(E)-3-Tosylacrylonitrile,37,190,379716,-0.8305,-0.2155,-0.2156,
Everolimus,BI-D1870,37,191,379717,-0.9106,-0.1368,-0.1489,
Everolimus,Bms-754807,37,192,379718,-0.9441,-0.2467,-0.2414,
Everolimus,Bosutinib,37,193,379719,-0.9584,-0.2473,-0.2364,
Everolimus,BX 513 hydrochloride,37,194,379720,-0.8632,-0.1882,-0.1865,
Everolimus,Cerulenin,37,195,379721,-0.9498,-0.1791,-0.1754,
Everolimus,CIP 13-74,37,196,379722,-0.887,-0.1249,-0.14,
Everolimus,Curcumin,37,197,379723,-0.8498,-0.1128,-0.1071,
Everolimus,Momelotinib,37,198,379724,-0.9569,-0.2591,-0.2504,
Everolimus,Dapagliflozin,37,199,379725,-0.8682,-0.0937,-0.0936,
Everolimus,Digoxin,37,200,379726,-0.8599,-0.3734,-0.4037,
Everolimus,Efavirenz,37,201,379727,-0.8289,-0.0546,-0.0549,
Everolimus,EHT-1864,37,202,379728,-0.8685,-0.0944,-0.0944,
Everolimus,Embelin,37,203,379729,-0.86,-0.0871,-0.0858,
Everolimus,Enzastaurin,37,204,379730,-0.9009,-0.1273,-0.1269,
Everolimus,ES-936,37,205,379731,-0.8302,-0.0552,-0.0561,
Everolimus,GANT-61,37,206,379732,-0.833,-0.0605,-0.0601,
Everolimus,GGTI-298,37,207,379733,-0.8552,-0.1163,-0.1091,
Everolimus,Gsk-690693,37,208,379734,-0.8442,-0.0829,-0.0863,
Everolimus,HBX-41108,37,209,379735,-0.8238,-0.1622,-0.151,
Everolimus,Homoharringtonine,37,210,379736,-0.8706,-0.4992,-0.5326,
Everolimus,Hydroxychloroquine,37,211,379737,-0.9327,-0.1585,-0.1586,
Everolimus,I-BET,37,212,379738,-0.8997,-0.1824,-0.1899,
Everolimus,JK184,37,213,379739,-0.8072,-0.2221,-0.2632,
Everolimus,Pyrazolanthrone,37,214,379740,-0.9125,-0.1377,-0.1377,
Everolimus,KP372-1,37,215,379741,-0.8141,-0.4983,-0.5014,
Everolimus,Nodinitib-1,37,216,379742,-0.8594,-0.0852,-0.0853,
Everolimus,Entinostat,37,217,379743,-0.8736,-0.2542,-0.2678,
Everolimus,Nelfinavir,37,218,379744,-0.97,-0.2147,-0.2148,
Everolimus,NH125,37,219,379745,-0.7863,-0.1569,-0.146,
Everolimus,Nutlin-3,37,220,379746,-0.9375,-0.2021,-0.2019,
Everolimus,NVP-231,37,221,379747,-0.9395,-0.2588,-0.2609,
Everolimus,Sonidegib,37,222,379748,-0.913,-0.1392,-0.1388,
Everolimus,Nvp-tae 684,37,223,379749,-0.908,-0.283,-0.2824,
Everolimus,Obatoclax mesylate,37,224,379750,-0.8693,-0.2976,-0.298,
Everolimus,Orlistat,37,225,379751,-0.7859,-0.0048,-0.0106,
Everolimus,OSI-906,37,226,379752,-0.8791,-0.1239,-0.1156,
Everolimus,Palbociclib,37,227,379753,-0.8773,-0.1371,-0.1237,
Everolimus,PD173074,37,228,379754,-0.8998,-0.1245,-0.1627,
Everolimus,PF-429242,37,229,379755,-0.892,-0.1178,-0.1179,
Everolimus,PF-573228,37,230,379756,-1.0203,-0.2402,-0.2458,
Everolimus,PF-3644022,37,231,379757,-0.9064,-0.1294,-0.1321,
Everolimus,Pha-665752,37,232,379758,-0.9217,-0.1613,-0.1476,
Everolimus,PNU-74654,37,233,379759,-0.9175,-0.1275,-0.1429,
Everolimus,PX-12,37,234,379760,-0.9514,-0.216,-0.2086,
Everolimus,Ritonavir,37,235,379761,-0.9119,-0.1859,-0.1712,
Everolimus,RO4929097,37,236,379762,-0.8407,-0.0655,-0.0658,
Everolimus,Rosiglitazone,37,237,379763,-1.0252,-0.252,-0.251,
Everolimus,SB-218078,37,238,379764,-0.7559,0.0277,0.0081,
Everolimus,Elesclomol,37,239,379765,-0.9495,-0.1829,-0.2272,
Everolimus,Dactinomycin,37,23,379766,-0.7994,-0.681,-0.6811,
Everolimus,Stattic,37,240,379767,-0.906,-0.2903,-0.2869,
Everolimus,Syk Inhibitor,37,241,379768,-0.9384,-0.1647,-0.1641,
Everolimus,Temsirolimus,37,242,379769,-0.8274,-0.0432,-0.0524,
Everolimus,Thioridazine,37,243,379770,-0.8515,-0.0877,-0.0842,
Everolimus,Tipifarnib,37,244,379771,-0.8824,-0.1534,-0.1782,
Everolimus,Tivantinib,37,245,379772,-0.9616,-0.3292,-0.3256,
Everolimus,Tozasertib,37,246,379773,-0.8921,-0.1745,-0.2102,
Everolimus,Triapine,37,247,379774,-0.8287,-0.296,-0.321,
Everolimus,Trifluoperazine,37,248,379775,-0.7748,0.0022,-0.0017,
Everolimus,Trifluridine,37,249,379776,-0.9328,-0.2211,-0.212,
Everolimus,Dasatinib,37,24,379777,-0.9139,-0.178,-0.1977,
Everolimus,Triptolide,37,250,379778,-0.8124,-0.631,-0.6331,
Everolimus,UNC0638,37,251,379779,-0.778,-0.1384,-0.1186,
Everolimus,Vemurafenib,37,252,379780,-0.9577,-0.1845,-0.1836,
Everolimus,Verapamil,37,253,379781,-0.8438,-0.0814,-0.0691,
Everolimus,Vismodegib,37,254,379782,-0.812,-0.0702,-0.0419,
Everolimus,WZ4002,37,255,379783,-0.9022,-0.1287,-0.128,
Everolimus,XAV-939,37,256,379784,-0.8175,-0.0395,-0.0652,
Everolimus,Zibotentan,37,258,379785,-0.8645,-0.0909,-0.0903,
Everolimus,Decitabine,37,26,379786,-0.861,-0.1024,-0.1194,
Everolimus,Adavosertib,37,2,379787,-0.7905,-0.3038,-0.3062,
Everolimus,Docetaxel,37,32,379788,-0.8357,-0.4879,-0.4881,
Everolimus,Erlotinib,37,34,379789,-0.8573,-0.0767,-0.0822,
Everolimus,Etoposide,37,36,379790,-0.9064,-0.3026,-0.301,
Everolimus,Fluorouracil,37,41,379791,-0.8746,-0.1256,-0.1362,
Everolimus,Gemcitabine,37,45,379792,-0.7904,-0.6108,-0.611,
Everolimus,Imatinib,37,48,379793,-1.0721,-0.2977,-0.2981,
Everolimus,Dactolisib,37,332,379794,-0.9011,-0.2049,-0.2922,
Everolimus,Lapatinib,37,52,379795,-0.8467,-0.1775,-0.1791,
Everolimus,Metformin,37,62,379796,-0.8661,-0.0919,-0.092,
Everolimus,Mitomycin,37,65,379797,-0.8321,-0.4015,-0.4536,
Everolimus,MK-2206,37,68,379798,-0.9074,-0.1524,-0.1657,
Everolimus,Oxaliplatin,37,75,379799,-0.9106,-0.1363,-0.1364,
Everolimus,Paclitaxel,37,76,379800,-0.9258,-0.5015,-0.5103,
Everolimus,Pemetrexed,37,77,379801,-0.8223,-0.0111,-0.1083,
Everolimus,Sirolimus,37,86,379802,-0.8103,-0.0512,-0.0596,
Everolimus,SN 38 Lactone,37,87,379803,-0.7661,-0.5925,-0.5927,
Everolimus,Sorafenib,37,88,379804,-0.8935,-0.137,-0.1194,
Everolimus,Sunitinib,37,90,379805,-0.9317,-0.1576,-0.1577,
Everolimus,Topotecan,37,97,379806,-0.8025,-0.359,-0.4203,
Paclitaxel,Veliparib,76,102,379807,-0.9604,-0.103,-0.103,
Paclitaxel,Vinorelbine,76,105,379808,-0.9908,-0.3987,-0.3972,
Paclitaxel,Vorinostat,76,106,379809,-0.9621,-0.2836,-0.2831,
Paclitaxel,Carfilzomib,76,110,379810,-0.9419,-0.7481,-0.7514,
Paclitaxel,Azd4547,76,112,379811,-1.014,-0.3352,-0.3352,
Paclitaxel,AZD-7762,76,119,379812,-1.0451,-0.6085,-0.6091,
Paclitaxel,Bortezomib,76,11,379813,-0.9838,-0.7889,-0.7921,
Paclitaxel,Navitoclax,76,128,379814,-0.9482,-0.3863,-0.3863,
Paclitaxel,Trametinib,76,131,379815,-0.889,-0.1875,-0.1875,
Paclitaxel,Afatinib,76,133,379816,-1.0628,-0.3231,-0.3231,
Paclitaxel,Vandetanib,76,135,379817,-0.9428,-0.0613,-0.0637,
Paclitaxel,Sapitinib,76,138,379818,-0.883,-0.067,-0.067,
Paclitaxel,Pictilisib,76,140,379819,-0.7792,-0.0753,-0.0753,
Paclitaxel,Carboplatin,76,14,379820,-0.9404,-0.0534,-0.0551,
Paclitaxel,Alvespimycin,76,162,379821,-0.9712,-0.6025,-0.609,
Paclitaxel,BI-2536,76,164,379822,-1.07,-0.542,-0.5485,
Paclitaxel,BRD-7389,76,165,379823,-0.9604,-0.2609,-0.2633,
Paclitaxel,MK2a Inhibitor,76,166,379824,-1.034,-0.1855,-0.1855,
Paclitaxel,Crizotinib,76,168,379825,-1.3552,-0.4425,-0.4425,
Paclitaxel,Dovitinib,76,169,379826,-0.9916,-0.2237,-0.2238,
Paclitaxel,Alvocidib,76,170,379827,-0.98,-0.4629,-0.4629,
Paclitaxel,Foretinib,76,171,379828,-0.9482,-0.317,-0.3211,
Paclitaxel,IMD-0354,76,174,379829,-0.9891,-0.2591,-0.2611,
Paclitaxel,JQ1 Compound,76,175,379830,-0.9791,-0.3325,-0.3352,
Paclitaxel,Pevonedistat,76,176,379831,-0.8302,-0.2712,-0.2743,
Paclitaxel,Alisertib,76,177,379832,-1.0005,-0.2105,-0.2206,
Paclitaxel,Oligomycins,76,178,379833,-0.9331,-0.1136,-0.1136,
Paclitaxel,PF-431396,76,179,379834,-0.9544,-0.2128,-0.2206,
Paclitaxel,Piperlongumine,76,180,379835,-0.8951,-0.0861,-0.0851,
Paclitaxel,SB-225002,76,181,379836,-0.963,-0.241,-0.2424,
Paclitaxel,Zocor,76,182,379837,-1.1215,-0.2936,-0.3001,
Paclitaxel,Sepantronium Bromide,76,184,379838,-0.973,-0.7022,-0.7022,
Paclitaxel,2-deoxy-D-glucose,76,185,379839,-1.0587,-0.1375,-0.1376,
Paclitaxel,5-Nonyloxytryptamine oxalate,76,186,379840,-0.7631,0.0422,0.0422,
Paclitaxel,Alectinib,76,187,379841,-0.9877,-0.0831,-0.0831,
Paclitaxel,AR-A014418,76,188,379842,-0.9647,-0.1699,-0.1699,
Paclitaxel,Atorvastatin,76,189,379843,-0.8451,-0.0327,-0.0327,
Paclitaxel,(E)-3-Tosylacrylonitrile,76,190,379844,-0.9162,-0.1912,-0.1912,
Paclitaxel,BI-D1870,76,191,379845,-0.9722,-0.1032,-0.1066,
Paclitaxel,Bms-754807,76,192,379846,-0.943,-0.1356,-0.1458,
Paclitaxel,Bosutinib,76,193,379847,-1.0096,-0.1858,-0.1861,
Paclitaxel,BX 513 hydrochloride,76,194,379848,-0.9239,-0.1389,-0.1371,
Paclitaxel,Cerulenin,76,195,379849,-0.9388,-0.0108,-0.0111,
Paclitaxel,CIP 13-74,76,196,379850,-0.9542,-0.1565,-0.1565,
Paclitaxel,Curcumin,76,197,379851,-1.0174,-0.1334,-0.145,
Paclitaxel,Momelotinib,76,198,379852,-0.9555,-0.1199,-0.1303,
Paclitaxel,Dapagliflozin,76,199,379853,-0.8831,0.0327,0.0263,
Paclitaxel,Digoxin,76,200,379854,-1.0426,-0.5248,-0.5253,
Paclitaxel,Efavirenz,76,201,379855,-0.8825,0.0758,0.0756,
Paclitaxel,EHT-1864,76,202,379856,-0.8961,0.0551,0.055,
Paclitaxel,Embelin,76,203,379857,-0.9534,-0.0061,-0.0049,
Paclitaxel,Enzastaurin,76,204,379858,-0.9248,0.0329,0.0333,
Paclitaxel,ES-936,76,205,379859,-0.8916,0.0674,0.0656,
Paclitaxel,GANT-61,76,206,379860,-0.8908,0.0286,0.0291,
Paclitaxel,GGTI-298,76,207,379861,-0.9177,-0.0717,-0.0772,
Paclitaxel,Gsk-690693,76,208,379862,-0.9023,-0.0134,-0.0186,
Paclitaxel,HBX-41108,76,209,379863,-0.977,-0.2363,-0.2364,
Paclitaxel,Homoharringtonine,76,210,379864,-1.0064,-0.6358,-0.6358,
Paclitaxel,Hydroxychloroquine,76,211,379865,-0.9088,0.0306,0.0306,
Paclitaxel,I-BET,76,212,379866,-0.9641,-0.155,-0.1557,
Paclitaxel,JK184,76,213,379867,-0.9916,-0.4128,-0.4116,
Paclitaxel,Pyrazolanthrone,76,214,379868,-0.8975,-0.007,-0.007,
Paclitaxel,KP372-1,76,215,379869,-0.9966,-0.6103,-0.6103,
Paclitaxel,Nodinitib-1,76,216,379870,-0.887,0.0701,0.07,
Paclitaxel,Entinostat,76,217,379871,-0.9213,-0.2159,-0.2195,
Paclitaxel,Nelfinavir,76,218,379872,-0.9706,-0.0684,-0.0684,
Paclitaxel,NH125,76,219,379873,-0.9296,-0.2146,-0.2146,
Paclitaxel,Nutlin-3,76,220,379874,-1.2134,-0.331,-0.3307,
Paclitaxel,NVP-231,76,221,379875,-1.0425,-0.2401,-0.2399,
Paclitaxel,Sonidegib,76,222,379876,-0.9528,-0.0142,-0.0138,
Paclitaxel,Nvp-tae 684,76,223,379877,-0.9886,-0.2535,-0.2528,
Paclitaxel,Obatoclax mesylate,76,224,379878,-0.9529,-0.2713,-0.2714,
Paclitaxel,Orlistat,76,225,379879,-0.8191,0.0025,0.0025,
Paclitaxel,OSI-906,76,226,379880,-0.8711,0.0177,0.0112,
Paclitaxel,Palbociclib,76,227,379881,-0.9043,-0.0451,-0.0451,
Paclitaxel,PD173074,76,228,379882,-1.0155,-0.2086,-0.2082,
Paclitaxel,PF-429242,76,229,379883,-0.8701,0.0825,0.0825,
Paclitaxel,PF-573228,76,230,379884,-0.9937,-0.0787,-0.0922,
Paclitaxel,PF-3644022,76,231,379885,-0.908,0.038,0.0379,
Paclitaxel,Pha-665752,76,232,379886,-0.8532,0.0961,0.0956,
Paclitaxel,PNU-74654,76,233,379887,-1.0384,-0.1377,-0.139,
Paclitaxel,PX-12,76,234,379888,-1.0299,-0.1539,-0.154,
Paclitaxel,Ritonavir,76,235,379889,-1.0349,-0.1952,-0.1964,
Paclitaxel,RO4929097,76,236,379890,-0.935,-0.0638,-0.0638,
Paclitaxel,Rosiglitazone,76,237,379891,-1.0491,-0.0923,-0.1031,
Paclitaxel,SB-218078,76,238,379892,-0.889,-0.0917,-0.0917,
Paclitaxel,Elesclomol,76,239,379893,-1.1008,-0.3158,-0.3159,
Paclitaxel,Dactinomycin,76,23,379894,-0.9474,-0.8293,-0.8293,
Paclitaxel,Stattic,76,240,379895,-0.9137,-0.1621,-0.1633,
Paclitaxel,Syk Inhibitor,76,241,379896,-0.9078,0.0243,0.0251,
Paclitaxel,Temsirolimus,76,242,379897,-1.0676,-0.2026,-0.2027,
Paclitaxel,Thioridazine,76,243,379898,-0.9247,-0.0139,-0.018,
Paclitaxel,Tipifarnib,76,244,379899,-0.9931,-0.2648,-0.2648,
Paclitaxel,Tivantinib,76,245,379900,-1.0222,-0.2834,-0.2834,
Paclitaxel,Tozasertib,76,246,379901,-1.095,-0.3475,-0.354,
Paclitaxel,Triapine,76,247,379902,-0.9437,-0.3333,-0.3333,
Paclitaxel,Trifluoperazine,76,248,379903,-0.8702,-0.0331,-0.0332,
Paclitaxel,Trifluridine,76,249,379904,-1.0162,-0.1772,-0.1816,
Paclitaxel,Dasatinib,76,24,379905,-0.9162,-0.1507,-0.1507,
Paclitaxel,Triptolide,76,250,379906,-0.9945,-0.8136,-0.8136,
Paclitaxel,UNC0638,76,251,379907,-0.8381,-0.1256,-0.1256,
Paclitaxel,Vemurafenib,76,252,379908,-0.9107,0.0392,0.0401,
Paclitaxel,Verapamil,76,253,379909,-0.9001,0.0023,0.0016,
Paclitaxel,Vismodegib,76,254,379910,-0.8029,0.046,0.046,
Paclitaxel,WZ4002,76,255,379911,-1.038,-0.0968,-0.0961,
Paclitaxel,XAV-939,76,256,379912,-0.885,-0.0909,-0.0909,
Paclitaxel,Zibotentan,76,258,379913,-1.0494,-0.1057,-0.105,
Paclitaxel,Decitabine,76,26,379914,-1.0712,-0.2627,-0.2692,
Paclitaxel,Adavosertib,76,2,379915,-0.969,-0.4163,-0.4147,
Paclitaxel,Docetaxel,76,32,379916,-1.0332,-0.6862,-0.6862,
Paclitaxel,Erlotinib,76,34,379917,-0.955,-0.1158,-0.1158,
Paclitaxel,Etoposide,76,36,379918,-0.9966,-0.289,-0.292,
Paclitaxel,Fluorouracil,76,41,379919,-0.9117,-0.0797,-0.0812,
Paclitaxel,Gemcitabine,76,45,379920,-0.9804,-0.8013,-0.8013,
Paclitaxel,Imatinib,76,48,379921,-0.9421,0.0161,0.0159,
Paclitaxel,Dactolisib,76,332,379922,-0.9273,-0.2324,-0.2454,
Paclitaxel,Lapatinib,76,52,379923,-0.9898,-0.2342,-0.2443,
Paclitaxel,Metformin,76,62,379924,-0.9774,-0.0277,-0.0277,
Paclitaxel,Mitomycin,76,65,379925,-1.0053,-0.5757,-0.5822,
Paclitaxel,MK-2206,76,68,379926,-0.9384,-0.1154,-0.1154,
Paclitaxel,Oxaliplatin,76,75,379927,-0.9849,-0.0471,-0.0471,
Paclitaxel,Paclitaxel,76,76,379928,-1.2254,-0.7735,-0.7735,
Paclitaxel,Pemetrexed,76,77,379929,-0.9787,-0.1471,-0.1547,
Paclitaxel,Sirolimus,76,86,379930,-0.918,-0.1605,-0.1605,
Paclitaxel,SN 38 Lactone,76,87,379931,-1.0066,-0.8334,-0.8335,
Paclitaxel,Sorafenib,76,88,379932,-0.9414,0.0058,0.006,
Paclitaxel,Sunitinib,76,90,379933,-1.0141,-0.0595,-0.0595,
